{"count":1,"self":75.409151999999992,"total":1042.6262209,"children":{"InitializeActuators":{"count":16,"self":0.0010000999999999999,"total":0.0010000999999999999,"children":null},"InitializeSensors":{"count":16,"self":0.0020005,"total":0.0020005,"children":null},"AgentSendState":{"count":82834,"self":34.4515616,"total":51.2014989,"children":{"CollectObservations":{"count":662672,"self":0.1919869,"total":0.1919869,"children":null},"WriteActionMask":{"count":662672,"self":0.23203159999999998,"total":0.23203159999999998,"children":null},"RequestDecision":{"count":662672,"self":1.0797553,"total":16.3259203,"children":{"AgentInfo.ToProto":{"count":662672,"self":0.98640489999999992,"total":15.246165,"children":{"GenerateSensorData":{"count":662672,"self":11.4229632,"total":14.2597601,"children":{"RayPerceptionSensor.Perceive":{"count":1325344,"self":2.8367967999999997,"total":2.8367967,"children":null}}}}}}}}},"DecideAction":{"count":82834,"self":902.5352704,"total":902.5352858,"children":null},"AgentAct":{"count":82834,"self":13.474286399999999,"total":13.476286499999999,"children":{"AgentInfo.ToProto":{"count":128,"self":0,"total":0.0020001,"children":{"GenerateSensorData":{"count":128,"self":0.0020001,"total":0.0020001,"children":{"RayPerceptionSensor.Perceive":{"count":256,"self":0,"total":0,"children":null}}}}}}}},"gauges":{"MLParking.CumulativeReward":{"count":128,"max":14.199811,"min":-8.900001,"runningAverage":-3.84746385,"value":-5.19980526,"weightedAverage":-5.150114}},"metadata":{"timer_format_version":"0.1.0","start_time_seconds":"1629651354","unity_version":"2021.1.15f1","command_line_arguments":"D:\\uni\\2021.1.15f1\\Editor\\Unity.exe -projectpath D:\/Github\/MLPark -useHub -hubIPC -cloudEnvironment production -hubSessionId aa97cea0-0308-11ec-ab1d-f52223c82a36 -accessToken fyexJ14_avbiJ5D9dGKcsIVnwQWLP0Y5PrDR6R7CzTY00df","communication_protocol_version":"1.5.0","com.unity.ml-agents_version":"2.1.0-exp.1","scene_name":"MLPark","end_time_seconds":"1629652396"}}