{"count":1,"self":13330.3861248,"total":19795.8908233,"children":{"InitializeActuators":{"count":1,"self":0.0009998,"total":0.0009998,"children":null},"InitializeSensors":{"count":1,"self":0.0020001999999999997,"total":0.0020001999999999997,"children":null},"AgentSendState":{"count":7660051,"self":147.36529919999998,"total":218.87069689999998,"children":{"CollectObservations":{"count":1532011,"self":4.9048967999999995,"total":4.904897,"children":null},"WriteActionMask":{"count":1532011,"self":0.7697721,"total":0.7697721,"children":null},"RequestDecision":{"count":1532011,"self":5.2046367999999994,"total":65.830732,"children":{"AgentInfo.ToProto":{"count":1532011,"self":5.3292307999999995,"total":60.626095,"children":{"GenerateSensorData":{"count":1532011,"self":47.621126399999994,"total":55.2968641,"children":{"RayPerceptionSensor.Perceive":{"count":3064022,"self":7.6757383999999993,"total":7.6757383,"children":null}}}}}}}}},"DecideAction":{"count":7660051,"self":6145.345536,"total":6145.3454758,"children":null},"AgentAct":{"count":7660051,"self":101.249088,"total":101.2814679,"children":{"AgentInfo.ToProto":{"count":756,"self":0.0029888,"total":0.032381799999999995,"children":{"GenerateSensorData":{"count":756,"self":0.0253916,"total":0.029393,"children":{"RayPerceptionSensor.Perceive":{"count":1512,"self":0.0040014,"total":0.0040014,"children":null}}}}}}},"AgentInfo.ToProto":{"count":58,"self":0,"total":0.0020014,"children":{"GenerateSensorData":{"count":58,"self":0.0020014,"total":0.0020014,"children":{"RayPerceptionSensor.Perceive":{"count":116,"self":0,"total":0,"children":null}}}}}},"gauges":{"MLParking.CumulativeReward":{"count":814,"max":3.57022762,"min":-21.118166,"runningAverage":-1.160961,"value":-4.683296,"weightedAverage":-2.897953}},"metadata":{"timer_format_version":"0.1.0","start_time_seconds":"1629827692","unity_version":"2021.1.15f1","command_line_arguments":"D:\\uni\\2021.1.15f1\\Editor\\Unity.exe -projectpath D:\/Github\/MLPark -useHub -hubIPC -cloudEnvironment production -hubSessionId 3bf62280-04de-11ec-ba5c-553840fbef71 -accessToken GsLE1RTT00lt6_mSukSQxNs-Qga0QYRq4p4GZboYnUU00df","communication_protocol_version":"1.5.0","com.unity.ml-agents_version":"2.1.0-exp.1","scene_name":"MLPark","end_time_seconds":"1629847488"}}